{
	"pattrstorage" : 	{
		"name" : "chords[1]",
		"slots" : 		{
			"1" : 			{
				"id" : 1,
				"data" : 				{
					"multislider[1]" : [ 48, 52, 55, 59, 60, 64, 67, 71, 72, 48 ],
					"multislider[2]" : [ 53, 57, 60, 64, 65, 69, 72, 76, 77, 53 ],
					"multislider[3]" : [ 52, 55, 59, 62, 64, 67, 71, 74, 76, 52 ],
					"multislider[4]" : [ 50, 53, 57, 60, 62, 65, 69, 72, 74, 50 ]
				}

			}
,
			"2" : 			{
				"id" : 2,
				"data" : 				{
					"multislider[1]" : [ 72, 76, 79, 83, 84, 88, 91, 95, 96, 72 ],
					"multislider[2]" : [ 65, 69, 72, 76, 77, 81, 84, 88, 89, 65 ],
					"multislider[3]" : [ 69, 72, 76, 79, 81, 84, 88, 91, 93, 69 ],
					"multislider[4]" : [ 67, 71, 74, 79, 83, 86, 67, 79, 79 ]
				}

			}

		}

	}

}
